semana,ano,semana_ano,tendencia,sazonalidade,ruido,casos
1,2021,1,100.3,-44.272801282660495,20.564376707200026,77
2,2021,2,100.6,-41.14919329468282,-8.47047257094133,51
3,2021,3,100.9,-37.42553740855505,5.446926170060088,69
4,2021,4,101.2,-33.15613291203976,9.492939074415606,78
5,2021,5,101.5,-28.40323733655779,6.064024847114985,79
6,2021,6,101.8,-23.236158602188425,-1.5918677413722604,77
7,2021,7,102.1,-17.730244352126782,22.672829961584082,107
8,2021,8,102.4,-11.965783214377886,-1.4198855761964633,89
9,2021,9,102.7,-6.026834012766153,30.276355708155627,127
10,2021,10,103,0,-0.9407114857863149,102
11,2021,11,103.3,6.026834012766153,19.57304481335228,129
12,2021,12,103.6,11.965783214377886,34.299680890516605,150
13,2021,13,103.9,17.730244352126782,-20.83291051668509,101
14,2021,14,104.2,23.236158602188425,-4.181831502260571,123
15,2021,15,104.5,28.40323733655779,-1.9998200459048705,131
16,2021,16,104.8,33.15613291203976,9.539255971051116,147
17,2021,17,105.1,37.42553740855505,-4.2637938212410855,138
18,2021,18,105.4,41.14919329468282,-39.846831313571634,107
19,2021,19,105.7,44.272801282660495,-36.60700392863279,113
20,2021,20,106,46.75081213427074,19.801700185952882,173
21,2021,21,106.3,48.5470908713026,-4.599578911177118,150
22,2021,22,106.6,49.6354437049027,-26.7196265097,130
23,2021,23,106.9,50,-2.5787603363943203,154
24,2021,24,107.2,49.6354437049027,18.220120487588982,175
25,2021,25,107.5,48.54709087130261,28.427901918974477,184
26,2021,26,107.8,46.75081213427074,-6.457036974092995,148
27,2021,27,108.1,44.272801282660495,-3.8590407415339447,149
28,2021,28,108.4,41.149193294682824,-26.447446277921703,123
29,2021,29,108.7,37.425537408555066,6.901460322469071,153
30,2021,30,109,33.15613291203976,-9.599923139401788,133
31,2021,31,109.3,28.40323733655779,6.831751848618291,145
32,2021,32,109.6,23.236158602188453,10.572560058432288,143
33,2021,33,109.9,17.730244352126793,15.526552829548834,143
34,2021,34,110.2,11.965783214377884,-9.133895631108166,113
35,2021,35,110.5,6.0268340127661535,7.574326849469555,124
36,2021,36,110.8,-1.6081226496766367e-14,-25.75513018610014,85
37,2021,37,111.1,-6.026834012766141,-11.76688512569244,93
38,2021,38,111.4,-11.965783214377872,-12.763613912647774,87
39,2021,39,111.7,-17.730244352126782,-36.21311474919948,58
40,2021,40,112,-23.236158602188404,0.5418391033838345,89
41,2021,41,112.3,-28.40323733655778,3.0899790030038075,87
42,2021,42,112.6,-33.15613291203975,-5.4158594782299945,74
43,2021,43,112.9,-37.42553740855505,11.372448535492754,87
44,2021,44,113.2,-41.14919329468282,-10.900572406148628,61
45,2021,45,113.5,-44.27280128266048,-20.524215666289418,49
46,2021,46,113.8,-46.75081213427074,6.492270388330757,74
47,2021,47,114.1,-48.5470908713026,-12.170897642800075,53
48,2021,48,114.4,-49.6354437049027,21.66151892581879,86
49,2021,49,114.7,-50,-6.471693039200181,58
50,2021,50,115,-49.6354437049027,9.834718251033102,75
51,2021,51,115.3,-48.54709087130261,4.8288789780591985,72
52,2021,52,115.6,-46.75081213427074,-11.757584113205631,57
53,2022,1,115.9,-44.272801282660495,23.63591279687966,95
54,2022,2,116.2,-41.14919329468282,9.643489585759745,85
55,2022,3,116.5,-37.42553740855505,1.346409698994085,80
56,2022,4,116.8,-33.15613291203976,4.148261209371945,88
57,2022,5,117.1,-28.40323733655779,10.189332240829062,99
58,2022,6,117.4,-23.236158602188425,1.3474932986862256,96
59,2022,7,117.7,-17.730244352126782,-44.89635124729402,55
60,2022,8,118,-11.965783214377886,4.273244302959891,110
61,2022,9,118.3,-6.026834012766153,-5.50851964111463,107
62,2022,10,118.6,0,2.77845847298414,121
63,2022,11,118.9,6.026834012766153,8.7273559104826,134
64,2022,12,119.2,11.965783214377886,20.996052409390174,152
65,2022,13,119.5,17.730244352126782,-10.909380892116976,126
66,2022,14,119.8,23.236158602188425,19.538139480662156,163
67,2022,15,120.1,28.40323733655779,5.037721796281117,154
68,2022,16,120.4,33.15613291203976,15.577591480464317,169
69,2022,17,120.7,37.42553740855505,13.810928524359694,172
70,2022,18,121,41.14919329468282,10.813172443002937,173
71,2022,19,121.3,44.272801282660495,-15.646784078517825,150
72,2022,20,121.6,46.75081213427074,-1.3527957991606003,167
73,2022,21,121.9,48.5470908713026,9.352772429993154,180
74,2022,22,122.2,49.6354437049027,-14.30285036658516,158
75,2022,23,122.5,50,-8.14243221860785,164
76,2022,24,122.8,49.6354437049027,8.714947465225237,181
77,2022,25,123.1,48.54709087130261,11.522681067518866,183
78,2022,26,123.4,46.75081213427074,6.956513828102508,177
79,2022,27,123.7,44.272801282660495,-13.286644461145192,155
80,2022,28,124,41.149193294682824,-16.496713479717833,149
81,2022,29,124.3,37.425537408555066,22.690605147073924,184
82,2022,30,124.6,33.15613291203976,3.8688215629804628,162
83,2022,31,124.9,28.40323733655779,1.3266034373937954,155
84,2022,32,125.2,23.236158602188453,-1.813448063086342,147
85,2022,33,125.5,17.730244352126793,-17.914933427407924,125
86,2022,34,125.8,11.965783214377884,9.179953470605804,147
87,2022,35,126.1,6.0268340127661535,-3.2570976861978127,129
88,2022,36,126.4,-1.6081226496766367e-14,-2.741350594978826,124
89,2022,37,126.7,-6.026834012766141,14.000194928567401,135
90,2022,38,127,-11.965783214377872,12.326596657623737,127
91,2022,39,127.3,-17.730244352126782,20.881745639014063,130
92,2022,40,127.6,-23.236158602188404,-7.142608845820114,97
93,2022,41,127.9,-28.40323733655778,9.755228410894576,109
94,2022,42,128.2,-33.15613291203975,20.86665684585001,116
95,2022,43,128.5,-37.42553740855505,-16.661833191718483,74
96,2022,44,128.8,-41.14919329468282,-12.911888803167631,75
97,2022,45,129.1,-44.27280128266048,-16.97608021280655,68
98,2022,46,129.4,-46.75081213427074,-21.888209992535938,61
99,2022,47,129.7,-48.5470908713026,1.1997382986174177,82
100,2022,48,130,-49.6354437049027,9.79806509473785,90
101,2022,49,130.3,-50,18.014480633977414,98
102,2022,50,130.6,-49.6354437049027,15.671266307515879,97
103,2022,51,130.9,-48.54709087130261,-15.04812970259772,67
104,2022,52,131.2,-46.75081213427074,27.7272285250912,112
105,2023,1,131.5,-44.272801282660495,-10.001601131367257,77
106,2023,2,131.8,-41.14919329468282,1.5827071868410414,92
107,2023,3,132.1,-37.42553740855505,-6.33383822803284,88
108,2023,4,132.4,-33.15613291203976,-1.8352525793245698,97
109,2023,5,132.7,-28.40323733655779,2.8228955175224684,107
110,2023,6,133,-23.236158602188425,1.7874143699550957,112
111,2023,7,133.3,-17.730244352126782,-0.37638826301104317,115
112,2023,8,133.6,-11.965783214377886,1.6210909191304885,123
113,2023,9,133.9,-6.026834012766153,-7.281528537700016,121
114,2023,10,134.2,0,-7.563256960318553,127
115,2023,11,134.5,6.026834012766153,-24.91648619872218,116
116,2023,12,134.8,11.965783214377886,-5.735005903107269,141
117,2023,13,135.1,17.730244352126782,-7.6897538681670055,145
118,2023,14,135.4,23.236158602188425,40.52836500517197,199
119,2023,15,135.7,28.40323733655779,-20.431743467845777,144
120,2023,16,136,33.15613291203976,2.0588432783791037,171
121,2023,17,136.3,37.42553740855505,-22.404376009744357,151
122,2023,18,136.6,41.14919329468282,-22.05653612155195,156
123,2023,19,136.9,44.272801282660495,1.8705357929551019,183
124,2023,20,137.2,46.75081213427074,-14.949587023260559,169
125,2023,21,137.5,48.5470908713026,-0.02733921457062294,186
126,2023,22,137.8,49.6354437049027,-6.423883221387229,181
127,2023,23,138.1,50,-9.20507409674243,179
128,2023,24,138.4,49.6354437049027,-30.370167681286617,158
129,2023,25,138.7,48.54709087130261,-18.37121925539979,169
130,2023,26,139,46.75081213427074,2.6927466167690692,188
131,2023,27,139.3,44.272801282660495,8.514308916353029,192
132,2023,28,139.6,41.149193294682824,-7.393160303302121,173
133,2023,29,139.9,37.425537408555066,9.432609802668612e-4,177
134,2023,30,140.2,33.15613291203976,16.843344650699493,190
135,2023,31,140.5,28.40323733655779,21.59783614464285,191
136,2023,32,140.8,23.236158602188453,-16.456706526087324,148
137,2023,33,141.1,17.730244352126793,-1.7597934037526526,157
138,2023,34,141.4,11.965783214377884,18.02247601379552,171
139,2023,35,141.7,6.0268340127661535,-7.045943708494514,141
140,2023,36,142,-1.6081226496766367e-14,-0.787042274084945,141
141,2023,37,142.3,-6.026834012766141,-1.2916094735563433,135
142,2023,38,142.6,-11.965783214377872,-13.315185268596473,117
143,2023,39,142.9,-17.730244352126782,-6.670260073271072,118
144,2023,40,143.2,-23.236158602188404,-0.4416731863235722,120
145,2023,41,143.5,-28.40323733655778,-6.208032735868853,109
146,2023,42,143.8,-33.15613291203975,16.700790350523047,127
147,2023,43,144.1,-37.42553740855505,-7.214892624809728,99
148,2023,44,144.4,-41.14919329468282,-6.497535489010936,97
149,2023,45,144.7,-44.27280128266048,10.452938648281542,111
150,2023,46,145,-46.75081213427074,-15.845526197563622,82
151,2023,47,145.3,-48.5470908713026,-0.6104771272682239,96
152,2023,48,145.6,-49.6354437049027,-23.273172335213843,73
153,2023,49,145.9,-50,17.507543238535227,113
154,2023,50,146.2,-49.6354437049027,-4.10468552061121,92
155,2023,51,146.5,-48.54709087130261,-7.0176798700838035,91
156,2023,52,146.8,-46.75081213427074,-18.573784919793216,81
