sample_size,repetition,sample_mean
n = 5,1,23.154585908751205
n = 5,2,23.620608853623818
n = 5,3,57.34567668161592
n = 5,4,17.035425104843764
n = 5,5,27.68750045237717
n = 5,6,25.30077121304747
n = 5,7,17.54677449048751
n = 5,8,34.5316054482339
n = 5,9,18.36568856984302
n = 5,10,20.48584979033263
n = 5,11,51.140117068399945
n = 5,12,15.410712107448598
n = 5,13,32.03834095072034
n = 5,14,28.81355898354876
n = 5,15,58.24478447171571
n = 5,16,38.87510121999194
n = 5,17,12.907661170139175
n = 5,18,18.950461938129415
n = 5,19,12.122182286311812
n = 5,20,38.364116758004755
n = 5,21,10.420545655325986
n = 5,22,17.312645047268898
n = 5,23,22.095241935457157
n = 5,24,37.084502385671755
n = 5,25,19.945929851303593
n = 5,26,19.68303104421813
n = 5,27,39.78699330623534
n = 5,28,38.17095623920818
n = 5,29,31.47635409902076
n = 5,30,28.38015359343139
n = 5,31,47.45688382819115
n = 5,32,19.366044251309088
n = 5,33,64.88724075311245
n = 5,34,55.838821006734676
n = 5,35,7.867404019614163
n = 5,36,32.904082558791664
n = 5,37,29.254886264189356
n = 5,38,35.15140433590229
n = 5,39,31.3589478060213
n = 5,40,15.568581377537896
n = 5,41,14.884055395022221
n = 5,42,23.912514791812796
n = 5,43,12.901356221153495
n = 5,44,20.939329753481914
n = 5,45,35.52669327883059
n = 5,46,19.36857370889479
n = 5,47,17.658271041785007
n = 5,48,27.932516666011676
n = 5,49,29.63108766403105
n = 5,50,27.180346601576247
n = 5,51,54.283839118908055
n = 5,52,21.59905738774582
n = 5,53,38.97350035578466
n = 5,54,29.670986509710872
n = 5,55,19.652121641117446
n = 5,56,33.30230654219364
n = 5,57,9.258611441437115
n = 5,58,18.70498004084293
n = 5,59,33.77827571059706
n = 5,60,17.335529631834387
n = 5,61,36.81926981924255
n = 5,62,23.546255470343244
n = 5,63,14.920690698326156
n = 5,64,35.75862791962107
n = 5,65,9.774778618655995
n = 5,66,33.14175863975641
n = 5,67,68.40531376687608
n = 5,68,28.842364466064282
n = 5,69,36.0038172216374
n = 5,70,46.17819375926882
n = 5,71,22.39396944849493
n = 5,72,17.855770090220616
n = 5,73,16.08241191851474
n = 5,74,33.6541193109136
n = 5,75,16.287386891466276
n = 5,76,17.765168110980834
n = 5,77,29.31219109624071
n = 5,78,21.911790770766732
n = 5,79,40.90167831734802
n = 5,80,19.173540908660375
n = 5,81,28.949369210642757
n = 5,82,30.621578158611108
n = 5,83,27.422098899184117
n = 5,84,27.794404171422915
n = 5,85,20.19000477875298
n = 5,86,27.414803964344575
n = 5,87,8.955776784321017
n = 5,88,23.158031973536662
n = 5,89,10.054670731220288
n = 5,90,22.844197949857847
n = 5,91,32.74813624037156
n = 5,92,34.721365772701695
n = 5,93,23.21596046217836
n = 5,94,28.26042318633572
n = 5,95,17.774915859131667
n = 5,96,21.262380561529707
n = 5,97,9.628450406259715
n = 5,98,18.478400267988107
n = 5,99,22.168207028420717
n = 5,100,19.452693499962812
n = 5,101,28.599584438989137
n = 5,102,27.24436714400822
n = 5,103,17.874772359413644
n = 5,104,18.493923752442107
n = 5,105,26.081543212200362
n = 5,106,53.69495758585047
n = 5,107,41.27370656619473
n = 5,108,23.76181374851088
n = 5,109,55.17574148295075
n = 5,110,31.87144513179757
n = 5,111,6.6115736487025
n = 5,112,11.308204852424613
n = 5,113,24.90674262872495
n = 5,114,25.469184037286045
n = 5,115,26.740645256323532
n = 5,116,29.272360173162184
n = 5,117,38.05545527052465
n = 5,118,21.706305109652895
n = 5,119,17.262543527735055
n = 5,120,23.87439290825352
n = 5,121,41.70953866839375
n = 5,122,32.4543009622295
n = 5,123,20.246045018603816
n = 5,124,28.671033939251334
n = 5,125,37.584588654864454
n = 5,126,18.156407576131485
n = 5,127,45.73302850560778
n = 5,128,21.63339139102039
n = 5,129,52.23635354514277
n = 5,130,22.844280714465647
n = 5,131,11.756992193634455
n = 5,132,36.36642043877242
n = 5,133,46.426532039175406
n = 5,134,14.072379462416176
n = 5,135,32.24112196177745
n = 5,136,28.41834569939332
n = 5,137,33.40878326243346
n = 5,138,24.4856797718344
n = 5,139,14.785247972579823
n = 5,140,38.932221609993846
n = 5,141,16.923660558161487
n = 5,142,18.582711780872163
n = 5,143,13.62065075573594
n = 5,144,18.648613069725236
n = 5,145,26.023809063763846
n = 5,146,17.691348177689783
n = 5,147,18.590778132277435
n = 5,148,38.47513541438523
n = 5,149,30.41589276662951
n = 5,150,22.46025889484377
n = 5,151,14.567347255243739
n = 5,152,20.697510852695224
n = 5,153,14.850069390002057
n = 5,154,23.39341986873021
n = 5,155,22.142946382507557
n = 5,156,18.12609745157984
n = 5,157,37.29838128850495
n = 5,158,23.58665427550255
n = 5,159,40.34334078236861
n = 5,160,33.68661384556773
n = 5,161,7.049006290513445
n = 5,162,9.97344502837533
n = 5,163,38.33700687300744
n = 5,164,30.55947969274052
n = 5,165,30.971121708099027
n = 5,166,21.425016837931533
n = 5,167,15.961434769906411
n = 5,168,25.07593017131495
n = 5,169,23.702053049819273
n = 5,170,13.754807959949494
n = 5,171,22.462417377694575
n = 5,172,42.82793520750691
n = 5,173,14.157756345954782
n = 5,174,15.773452338209854
n = 5,175,48.77217499550437
n = 5,176,37.86067037200721
n = 5,177,13.085561137557972
n = 5,178,11.4247084524087
n = 5,179,16.777579235955482
n = 5,180,36.72722082222287
n = 5,181,32.55462043931828
n = 5,182,33.90994831430177
n = 5,183,14.624305195660135
n = 5,184,23.52714224205125
n = 5,185,23.560075479881476
n = 5,186,40.630921609137395
n = 5,187,18.327269792826637
n = 5,188,35.23477885724253
n = 5,189,10.226332901735644
n = 5,190,16.534509761548986
n = 5,191,22.607589760653568
n = 5,192,17.9050017858573
n = 5,193,24.897561092359734
n = 5,194,23.044028626156262
n = 5,195,17.853516813319075
n = 5,196,32.0816368271274
n = 5,197,49.45264583309594
n = 5,198,36.122107707512995
n = 5,199,42.596270979623654
n = 5,200,25.202737456981243
n = 5,201,9.068353840249438
n = 5,202,34.745256467480594
n = 5,203,18.23318059859747
n = 5,204,39.497418397991964
n = 5,205,15.985401594015666
n = 5,206,28.285045903755375
n = 5,207,19.453983957252348
n = 5,208,19.72486183332836
n = 5,209,35.323202095270204
n = 5,210,33.89741134642871
n = 5,211,41.62588522024336
n = 5,212,44.47250509845506
n = 5,213,8.660265369681124
n = 5,214,50.898298840024815
n = 5,215,31.403262004284404
n = 5,216,17.166398394254614
n = 5,217,12.9851151855202
n = 5,218,26.652564896318957
n = 5,219,35.48873739793469
n = 5,220,17.05545486484737
n = 5,221,36.14917332681343
n = 5,222,26.620256144816395
n = 5,223,37.55147451322856
n = 5,224,22.732920800425422
n = 5,225,4.21861605472368
n = 5,226,18.039741273837553
n = 5,227,18.031278488034516
n = 5,228,17.893633562060558
n = 5,229,30.416407807263827
n = 5,230,22.592101016080058
n = 5,231,50.73390142545194
n = 5,232,46.32881090164743
n = 5,233,15.250994956393246
n = 5,234,13.993911320951948
n = 5,235,19.45541879893629
n = 5,236,45.969127119682454
n = 5,237,20.423514611922513
n = 5,238,16.283676267613977
n = 5,239,18.302169767827714
n = 5,240,14.933577502629078
n = 5,241,18.155164927105563
n = 5,242,12.48399189790588
n = 5,243,18.152135067150304
n = 5,244,33.963820859852795
n = 5,245,35.272351526638104
n = 5,246,7.002362172305873
n = 5,247,29.394919333153677
n = 5,248,21.519986923387744
n = 5,249,36.01116396797467
n = 5,250,16.42917861666588
n = 5,251,9.148935159668326
n = 5,252,25.781747131276365
n = 5,253,24.04112741228166
n = 5,254,34.27652977238657
n = 5,255,52.46182338352655
n = 5,256,16.263816358389878
n = 5,257,8.314459934596213
n = 5,258,20.413048422612558
n = 5,259,18.466732184823506
n = 5,260,51.80030003124187
n = 5,261,23.55336711263098
n = 5,262,27.744628710138816
n = 5,263,30.776129003986423
n = 5,264,20.920555634699564
n = 5,265,32.425700383314854
n = 5,266,13.181431012717585
n = 5,267,13.601415195682225
n = 5,268,18.14484152958304
n = 5,269,29.83614093956869
n = 5,270,23.242544296666054
n = 5,271,33.166441790193936
n = 5,272,23.869664522228366
n = 5,273,27.076186823947854
n = 5,274,19.110849837667494
n = 5,275,19.081199461011465
n = 5,276,22.92878153192135
n = 5,277,33.06878251170553
n = 5,278,19.357109004107365
n = 5,279,23.428650197234315
n = 5,280,37.15753894846376
n = 5,281,22.202596928005107
n = 5,282,22.929372277220192
n = 5,283,19.99386163277966
n = 5,284,15.73158558784987
n = 5,285,32.13156484350968
n = 5,286,40.762855752492015
n = 5,287,22.057365653187947
n = 5,288,9.836801641961042
n = 5,289,13.75521559131626
n = 5,290,32.41844587831499
n = 5,291,11.467022337218625
n = 5,292,40.02587862531018
n = 5,293,28.948451208907382
n = 5,294,36.17513711309373
n = 5,295,11.144619160311215
n = 5,296,19.290813305131124
n = 5,297,38.15481515520944
n = 5,298,14.41019984159971
n = 5,299,34.05113734450641
n = 5,300,36.29435793098393
n = 5,301,20.00275076849301
n = 5,302,22.567895029009215
n = 5,303,19.176046309419036
n = 5,304,8.083559651551326
n = 5,305,15.785621622240367
n = 5,306,30.006996668145224
n = 5,307,20.327606248929712
n = 5,308,15.384491614072559
n = 5,309,37.209275576587345
n = 5,310,35.8924419036536
n = 5,311,6.224186903815908
n = 5,312,51.39409097995313
n = 5,313,45.29869394360099
n = 5,314,26.9435487490767
n = 5,315,31.14473841845297
n = 5,316,38.378435183266596
n = 5,317,20.682385360507006
n = 5,318,29.51490103586318
n = 5,319,36.341617755918286
n = 5,320,21.10539050994361
n = 5,321,37.83783303722995
n = 5,322,8.58021100750057
n = 5,323,35.39307854022654
n = 5,324,15.288974209656422
n = 5,325,70.4973023685136
n = 5,326,69.10640527985413
n = 5,327,32.62791239802249
n = 5,328,21.440806138117676
n = 5,329,25.233437612756276
n = 5,330,33.469488978600275
n = 5,331,38.03772867631902
n = 5,332,30.334726106284705
n = 5,333,12.372705213465114
n = 5,334,5.729204072015281
n = 5,335,18.278952308275116
n = 5,336,17.266775415719337
n = 5,337,13.873800116265578
n = 5,338,22.498385219823668
n = 5,339,24.67508585073603
n = 5,340,26.746761125028435
n = 5,341,16.8174926782277
n = 5,342,38.059759622414575
n = 5,343,24.42362202432328
n = 5,344,36.39254824943914
n = 5,345,9.866215950816336
n = 5,346,26.3696918252869
n = 5,347,31.88709426988633
n = 5,348,20.281707560138507
n = 5,349,30.39819653219791
n = 5,350,18.310451296300563
n = 5,351,15.14755373840749
n = 5,352,18.614570938880274
n = 5,353,19.750517748018748
n = 5,354,12.61716471662334
n = 5,355,31.648598902500964
n = 5,356,36.16041521087224
n = 5,357,24.412004334317455
n = 5,358,7.647459066253003
n = 5,359,13.977045007795569
n = 5,360,22.880419533105123
n = 5,361,23.1288537132341
n = 5,362,16.900112751953245
n = 5,363,38.376699534048974
n = 5,364,8.465786965554802
n = 5,365,13.924349308154142
n = 5,366,50.386097363959884
n = 5,367,43.76158081208261
n = 5,368,17.119569082084833
n = 5,369,22.070385962183824
n = 5,370,22.887746204913753
n = 5,371,12.248433134478836
n = 5,372,70.6059530916343
n = 5,373,40.176769319978185
n = 5,374,18.98960677306409
n = 5,375,19.727316466631237
n = 5,376,42.76643585422738
n = 5,377,23.597316751506263
n = 5,378,21.477694813602124
n = 5,379,50.33372473960731
n = 5,380,32.86594373553721
n = 5,381,19.70306764765803
n = 5,382,25.962442398834227
n = 5,383,12.733862831960462
n = 5,384,50.13843932636752
n = 5,385,16.691688968666526
n = 5,386,19.442133243389552
n = 5,387,42.5351143639796
n = 5,388,7.514825088244969
n = 5,389,8.994844976878763
n = 5,390,15.556403445794773
n = 5,391,21.359069297872452
n = 5,392,9.115231767661609
n = 5,393,19.545375666129047
n = 5,394,43.32557580955898
n = 5,395,49.27175562150532
n = 5,396,44.21907612076782
n = 5,397,27.157663795232274
n = 5,398,11.031121830483775
n = 5,399,37.55733698072287
n = 5,400,14.033448917843648
n = 5,401,19.34600783932752
n = 5,402,16.26699178681117
n = 5,403,37.31721230043963
n = 5,404,29.934729768456783
n = 5,405,34.323113624608986
n = 5,406,56.05516331976722
n = 5,407,11.506083506063897
n = 5,408,36.22252035267699
n = 5,409,32.08874235670837
n = 5,410,7.927702160604565
n = 5,411,24.208604358660107
n = 5,412,20.30818818730512
n = 5,413,10.320417111949865
n = 5,414,13.964772126420451
n = 5,415,22.939370711774774
n = 5,416,14.57068732411409
n = 5,417,43.52351751638449
n = 5,418,17.487598610351768
n = 5,419,32.929793309308295
n = 5,420,45.79690819414883
n = 5,421,12.331403200317018
n = 5,422,23.01711815322236
n = 5,423,20.427301010546994
n = 5,424,21.05112892465181
n = 5,425,21.730009852712794
n = 5,426,27.252836217233842
n = 5,427,32.415283133141756
n = 5,428,35.74827136268389
n = 5,429,14.8167478608706
n = 5,430,19.26693580851973
n = 5,431,15.770636296234704
n = 5,432,15.14486121918781
n = 5,433,19.566615129515675
n = 5,434,18.924306557426693
n = 5,435,38.53103748139613
n = 5,436,30.017469779262925
n = 5,437,34.9141438329132
n = 5,438,11.531599147013367
n = 5,439,18.89809195607099
n = 5,440,7.335142932140724
n = 5,441,34.563909198590345
n = 5,442,36.037856746153786
n = 5,443,27.123876744689365
n = 5,444,33.43559565498021
n = 5,445,28.88815444315844
n = 5,446,22.66809091461797
n = 5,447,34.20814207699891
n = 5,448,24.709499451582424
n = 5,449,25.48203577457668
n = 5,450,26.394599378359345
n = 5,451,30.868978923647827
n = 5,452,19.043556989676027
n = 5,453,23.261773398719537
n = 5,454,10.121986819519531
n = 5,455,10.557823554951007
n = 5,456,25.094539738854845
n = 5,457,30.331212871128773
n = 5,458,11.527165333433185
n = 5,459,29.089329630956925
n = 5,460,14.663253555651114
n = 5,461,21.30665174713057
n = 5,462,19.01750559398651
n = 5,463,23.165718852072338
n = 5,464,24.540364117799964
n = 5,465,23.697692709126432
n = 5,466,15.440711528097655
n = 5,467,39.16060444652854
n = 5,468,19.075878275164232
n = 5,469,17.778232529104063
n = 5,470,28.155591483902402
n = 5,471,35.09588381247716
n = 5,472,22.728890661902906
n = 5,473,39.36865444283157
n = 5,474,27.18526316202647
n = 5,475,46.10546169496882
n = 5,476,21.690600414483036
n = 5,477,33.92739610371932
n = 5,478,10.59175930018507
n = 5,479,17.729783854227346
n = 5,480,42.38788602234976
n = 5,481,42.35226701276649
n = 5,482,34.706387619512306
n = 5,483,15.664029444851371
n = 5,484,9.878173402058676
n = 5,485,10.397427060011545
n = 5,486,11.6170004100017
n = 5,487,21.441610091022635
n = 5,488,22.077964868390872
n = 5,489,33.84141230014457
n = 5,490,8.63780533579264
n = 5,491,24.072339810661358
n = 5,492,19.88261202371392
n = 5,493,12.00996905557789
n = 5,494,60.70464502304439
n = 5,495,13.744886140072751
n = 5,496,34.78032101776781
n = 5,497,25.670791226092
n = 5,498,8.578225554222543
n = 5,499,39.94063634216109
n = 5,500,32.18570325080941
n = 30,1,24.013782402166303
n = 30,2,39.071390839908986
n = 30,3,36.261745478773356
n = 30,4,29.75068297706501
n = 30,5,26.999314067234316
n = 30,6,29.269203903075308
n = 30,7,21.68113014267454
n = 30,8,29.269511482264285
n = 30,9,24.984880434724555
n = 30,10,30.81471304733323
n = 30,11,24.632891464363368
n = 30,12,25.0478154083896
n = 30,13,27.314246669356507
n = 30,14,32.31306789317885
n = 30,15,21.214602806789795
n = 30,16,31.005750420218458
n = 30,17,22.403816583578294
n = 30,18,27.13446923927556
n = 30,19,25.97984404333247
n = 30,20,25.874573115444495
n = 30,21,18.507230984296463
n = 30,22,19.28794583509673
n = 30,23,29.622682443942782
n = 30,24,30.795699242172436
n = 30,25,28.425554807072544
n = 30,26,21.08110030277149
n = 30,27,34.86693271066354
n = 30,28,31.04361869103177
n = 30,29,27.44711639620754
n = 30,30,28.88967878918081
n = 30,31,38.78546667545433
n = 30,32,23.091919190745582
n = 30,33,18.105628398561947
n = 30,34,32.65851387098428
n = 30,35,23.68553356092386
n = 30,36,17.84234953335999
n = 30,37,30.896518205451365
n = 30,38,21.213592382245768
n = 30,39,26.27993628890354
n = 30,40,20.334996502268265
n = 30,41,34.82478007026497
n = 30,42,22.480965542936342
n = 30,43,23.778898094508676
n = 30,44,23.297666796168098
n = 30,45,27.454969167995937
n = 30,46,37.800258547673465
n = 30,47,25.759762992421575
n = 30,48,22.221420120522243
n = 30,49,26.778242267624435
n = 30,50,28.709631944487185
n = 30,51,21.34948466536613
n = 30,52,22.414623898520677
n = 30,53,23.017944407227354
n = 30,54,20.316773362659987
n = 30,55,20.588094012452157
n = 30,56,35.35818022493043
n = 30,57,30.0930715746415
n = 30,58,22.49102516668353
n = 30,59,24.317726034597307
n = 30,60,27.819543309006104
n = 30,61,24.014093690437075
n = 30,62,32.40957913526963
n = 30,63,27.10324829783226
n = 30,64,25.37816664440081
n = 30,65,35.06724836027125
n = 30,66,26.082136647416586
n = 30,67,23.13724030313983
n = 30,68,24.950758808848125
n = 30,69,19.5062222427382
n = 30,70,28.05910361697892
n = 30,71,30.83455416578366
n = 30,72,18.072603379080764
n = 30,73,24.565173970884068
n = 30,74,32.25576643067684
n = 30,75,29.471760370391962
n = 30,76,29.03296808396902
n = 30,77,22.609771511878485
n = 30,78,31.391361003531575
n = 30,79,24.936902438322228
n = 30,80,18.785988023826906
n = 30,81,23.349461729147876
n = 30,82,36.25379708870837
n = 30,83,26.625007872700223
n = 30,84,18.470186971260485
n = 30,85,30.38070661000889
n = 30,86,32.36682631737051
n = 30,87,40.44691195564709
n = 30,88,21.519818787165555
n = 30,89,29.67361586167834
n = 30,90,27.483377116657607
n = 30,91,25.060146990368334
n = 30,92,23.282412188193494
n = 30,93,35.13410920164497
n = 30,94,21.685907378339742
n = 30,95,26.483680538014163
n = 30,96,24.90091226092129
n = 30,97,27.541826919335467
n = 30,98,26.210522856218365
n = 30,99,36.94792357123437
n = 30,100,20.260291662333092
n = 30,101,31.962685490473525
n = 30,102,22.300386659043472
n = 30,103,31.700093693721072
n = 30,104,22.071506445851735
n = 30,105,28.272614686102592
n = 30,106,23.012049177153145
n = 30,107,22.14203823822507
n = 30,108,31.189392004637686
n = 30,109,29.36248775375836
n = 30,110,25.509159564174965
n = 30,111,25.681695881578516
n = 30,112,24.737338955760013
n = 30,113,23.738185377232593
n = 30,114,22.267302484115493
n = 30,115,26.423148719513886
n = 30,116,19.82405671061499
n = 30,117,23.292125109778446
n = 30,118,17.135867797194837
n = 30,119,26.51321080770783
n = 30,120,27.309254756121426
n = 30,121,32.509277929159886
n = 30,122,31.928944866498945
n = 30,123,13.172773796586302
n = 30,124,25.510852776373646
n = 30,125,27.808664491789852
n = 30,126,22.42288779106665
n = 30,127,22.967343777840444
n = 30,128,28.31225811697861
n = 30,129,25.656820028114147
n = 30,130,26.84963574016992
n = 30,131,30.12453006660667
n = 30,132,23.502343795161533
n = 30,133,29.398008112449293
n = 30,134,21.300230208991636
n = 30,135,23.245724336328227
n = 30,136,18.276447358633945
n = 30,137,21.795808911828683
n = 30,138,30.710330079140054
n = 30,139,21.661009613525607
n = 30,140,31.184870635494974
n = 30,141,26.011876718063288
n = 30,142,28.128563475779046
n = 30,143,26.87922065642942
n = 30,144,26.89805653208987
n = 30,145,26.458045559439718
n = 30,146,31.075920298642597
n = 30,147,20.822780265906207
n = 30,148,26.38560263790523
n = 30,149,25.179320442211775
n = 30,150,30.437432626253198
n = 30,151,24.87806688573543
n = 30,152,25.576538718878975
n = 30,153,27.526552442691692
n = 30,154,26.838457924047237
n = 30,155,23.561365326741676
n = 30,156,25.236520131351313
n = 30,157,37.58183072627803
n = 30,158,27.348861416435597
n = 30,159,28.844074382989024
n = 30,160,23.456698605495696
n = 30,161,32.22853089927299
n = 30,162,26.52498635210349
n = 30,163,24.40209109706741
n = 30,164,17.590268486319992
n = 30,165,29.606133613655714
n = 30,166,32.78636303545702
n = 30,167,17.106629411547203
n = 30,168,19.60159613601522
n = 30,169,25.092008750287345
n = 30,170,27.180858808093376
n = 30,171,26.696971825136256
n = 30,172,28.133260153751095
n = 30,173,24.209355270336882
n = 30,174,24.750111038808058
n = 30,175,29.611204221831766
n = 30,176,32.58186998133346
n = 30,177,28.668099648318353
n = 30,178,29.7581523931198
n = 30,179,27.828018177015732
n = 30,180,25.21809805288544
n = 30,181,33.06884716222509
n = 30,182,18.757603664505528
n = 30,183,28.66299605020574
n = 30,184,26.36385629166677
n = 30,185,28.345736085927644
n = 30,186,26.418956408536328
n = 30,187,30.873847753600497
n = 30,188,27.33736295870435
n = 30,189,21.08058557987521
n = 30,190,29.714172147739642
n = 30,191,32.404086179700954
n = 30,192,25.435662848036568
n = 30,193,27.20582490770641
n = 30,194,21.158359451956137
n = 30,195,28.10462832690656
n = 30,196,22.564175607996745
n = 30,197,26.897121415806517
n = 30,198,25.409190187187036
n = 30,199,29.931844466395894
n = 30,200,39.60352359532796
n = 30,201,30.02332162967205
n = 30,202,33.131229153046284
n = 30,203,17.03316280340906
n = 30,204,19.318896468715142
n = 30,205,26.211197588716757
n = 30,206,31.97920115901742
n = 30,207,25.54831829423082
n = 30,208,30.073191925397477
n = 30,209,30.115848680422186
n = 30,210,20.9672910322703
n = 30,211,22.84812578026351
n = 30,212,22.242253757250655
n = 30,213,30.50534152796626
n = 30,214,20.77925026524405
n = 30,215,28.56817335650651
n = 30,216,17.815347807861293
n = 30,217,12.877971498560823
n = 30,218,26.755361211422255
n = 30,219,25.669224130554852
n = 30,220,30.475974504034777
n = 30,221,27.0689543642521
n = 30,222,17.535990112915368
n = 30,223,28.788536309865844
n = 30,224,22.77272613077385
n = 30,225,28.502755124028308
n = 30,226,32.115161939230866
n = 30,227,23.63243991781467
n = 30,228,35.56980818556874
n = 30,229,22.640758083610468
n = 30,230,22.96932704062579
n = 30,231,20.61677006528156
n = 30,232,24.35987249003671
n = 30,233,25.734005590549515
n = 30,234,26.501260041740068
n = 30,235,25.83245279875081
n = 30,236,23.28590284225402
n = 30,237,39.01222167290096
n = 30,238,23.43093056449603
n = 30,239,25.02109597505169
n = 30,240,24.30864783527253
n = 30,241,23.825898407921564
n = 30,242,31.504880343121492
n = 30,243,24.308638137644788
n = 30,244,37.49618799932648
n = 30,245,19.018298050784857
n = 30,246,31.818073375619655
n = 30,247,33.987521348314395
n = 30,248,29.55272431541055
n = 30,249,25.94343095147636
n = 30,250,26.703780783217447
n = 30,251,24.64415510218235
n = 30,252,28.956814764349996
n = 30,253,27.505202505359353
n = 30,254,18.932186299533498
n = 30,255,28.13413275321264
n = 30,256,23.176166003867255
n = 30,257,28.000917657584502
n = 30,258,21.322490211128084
n = 30,259,27.50159788321704
n = 30,260,34.058318774164476
n = 30,261,24.538557415977323
n = 30,262,21.796553660720377
n = 30,263,15.14899007160342
n = 30,264,21.283986235811128
n = 30,265,29.62826693622793
n = 30,266,23.438923146864557
n = 30,267,22.999395175969774
n = 30,268,21.715696056833114
n = 30,269,29.54718546093852
n = 30,270,25.17626422661992
n = 30,271,22.59497712577827
n = 30,272,21.71342400254684
n = 30,273,39.821223875477905
n = 30,274,25.67328671439867
n = 30,275,23.954954495365524
n = 30,276,33.899091822888735
n = 30,277,28.230619271368628
n = 30,278,28.889723213850523
n = 30,279,24.271719092120662
n = 30,280,30.180493469952975
n = 30,281,27.244559558082344
n = 30,282,22.63831962086257
n = 30,283,36.931858336121486
n = 30,284,25.885195633983415
n = 30,285,21.20921960457734
n = 30,286,22.769593629352748
n = 30,287,21.019049368530258
n = 30,288,28.725471439969493
n = 30,289,29.187289153187912
n = 30,290,32.15585216205231
n = 30,291,21.969664981120292
n = 30,292,20.991051856671117
n = 30,293,27.27718574904206
n = 30,294,30.75048675569112
n = 30,295,18.157989162146645
n = 30,296,24.023882659350754
n = 30,297,25.419877941675487
n = 30,298,23.34844401602705
n = 30,299,29.775923193056094
n = 30,300,27.557499756087097
n = 30,301,33.75872617060706
n = 30,302,29.287079746721385
n = 30,303,27.787888446633744
n = 30,304,26.46144607426604
n = 30,305,30.19986060306567
n = 30,306,18.545981767197183
n = 30,307,27.927692029001022
n = 30,308,33.125912415484855
n = 30,309,32.29647034521732
n = 30,310,20.65575909940739
n = 30,311,29.94506306388179
n = 30,312,29.18572793799011
n = 30,313,18.753386194478296
n = 30,314,38.66188385913122
n = 30,315,25.760981516698337
n = 30,316,25.1719777212738
n = 30,317,19.674064601214013
n = 30,318,25.68084610925189
n = 30,319,15.40314586228886
n = 30,320,25.078596912901844
n = 30,321,31.040150726477364
n = 30,322,25.743412217956838
n = 30,323,19.153219095933757
n = 30,324,26.54296198739734
n = 30,325,21.14383348212723
n = 30,326,27.02749074146379
n = 30,327,26.19036467673478
n = 30,328,29.16961729629534
n = 30,329,19.997432627117355
n = 30,330,28.093236695952942
n = 30,331,15.371633013059032
n = 30,332,28.487371107872114
n = 30,333,26.099362396019657
n = 30,334,19.107630222139733
n = 30,335,23.322295426989363
n = 30,336,25.31944674867168
n = 30,337,26.44301996378022
n = 30,338,23.506023189425054
n = 30,339,30.45688756627645
n = 30,340,25.015066433611548
n = 30,341,32.37626087160459
n = 30,342,25.94065590162612
n = 30,343,32.64715911530348
n = 30,344,27.443898997391667
n = 30,345,33.56067451335138
n = 30,346,21.65259290929171
n = 30,347,27.41934896044893
n = 30,348,27.32545390609616
n = 30,349,23.593890241463143
n = 30,350,25.23595782806464
n = 30,351,21.34349704391107
n = 30,352,27.504964160300847
n = 30,353,33.208964210029194
n = 30,354,19.218032224472193
n = 30,355,25.842091520375252
n = 30,356,32.9972512722153
n = 30,357,22.036180326207553
n = 30,358,30.50737427575106
n = 30,359,17.73524298480681
n = 30,360,31.63799082304187
n = 30,361,35.802214541101726
n = 30,362,22.419240528337973
n = 30,363,28.219346115814925
n = 30,364,18.881753923555888
n = 30,365,21.05238817203323
n = 30,366,28.68526092981764
n = 30,367,21.52925059296591
n = 30,368,31.545164191044144
n = 30,369,32.51295788438356
n = 30,370,35.68603574787771
n = 30,371,30.47674689303111
n = 30,372,19.281622301933233
n = 30,373,30.1441796189642
n = 30,374,29.752150460033025
n = 30,375,24.37404624845082
n = 30,376,22.645995561528807
n = 30,377,19.986413107421484
n = 30,378,27.064712393861313
n = 30,379,26.41627745846937
n = 30,380,21.930044814182157
n = 30,381,23.65457764537959
n = 30,382,37.27971812403044
n = 30,383,26.928910593464735
n = 30,384,28.765037522763258
n = 30,385,32.33193194349768
n = 30,386,28.6281419316718
n = 30,387,28.78214476359433
n = 30,388,28.262772741725975
n = 30,389,30.758708284604964
n = 30,390,23.82301151399468
n = 30,391,25.10233493558129
n = 30,392,28.418240538186026
n = 30,393,23.01735761065799
n = 30,394,35.14864994846938
n = 30,395,28.939121445498472
n = 30,396,23.9112711913943
n = 30,397,24.757176139946136
n = 30,398,30.285044824590898
n = 30,399,23.10536976766364
n = 30,400,30.734330714524216
n = 30,401,29.74989846856642
n = 30,402,22.087363045201172
n = 30,403,22.15340056207554
n = 30,404,26.838864348441017
n = 30,405,18.229220725646414
n = 30,406,22.654390059991513
n = 30,407,22.49852144135965
n = 30,408,27.076615473674515
n = 30,409,26.277767669352876
n = 30,410,19.267983386192086
n = 30,411,27.049767607447972
n = 30,412,31.128710760663296
n = 30,413,19.652521815022265
n = 30,414,24.45383979793024
n = 30,415,16.983198551226153
n = 30,416,25.043848308255026
n = 30,417,28.268398181662096
n = 30,418,29.863613730854393
n = 30,419,21.173197589081656
n = 30,420,20.110155214850046
n = 30,421,32.21739972195716
n = 30,422,18.03345050816618
n = 30,423,26.961630515354297
n = 30,424,24.148104866506785
n = 30,425,22.342243417612394
n = 30,426,23.957625948617203
n = 30,427,33.42104192724246
n = 30,428,22.264761481175942
n = 30,429,32.88975133398828
n = 30,430,27.696387918316905
n = 30,431,39.43029657418086
n = 30,432,24.69166416946191
n = 30,433,22.158147912332677
n = 30,434,25.470841926403136
n = 30,435,28.660501370825777
n = 30,436,29.402234984389676
n = 30,437,25.6105093447288
n = 30,438,15.520918939160765
n = 30,439,31.541448003451958
n = 30,440,15.45566044797102
n = 30,441,29.934089202945554
n = 30,442,41.05853554447213
n = 30,443,23.804318308581067
n = 30,444,25.10812187254913
n = 30,445,23.57530242331176
n = 30,446,24.82894277884164
n = 30,447,20.837717998432097
n = 30,448,37.86173490024559
n = 30,449,29.019974026073335
n = 30,450,36.091934678556875
n = 30,451,32.61165514527365
n = 30,452,24.299250985418805
n = 30,453,27.005853048896277
n = 30,454,21.759415068570355
n = 30,455,20.54326480101937
n = 30,456,23.945435388246036
n = 30,457,22.148783997339525
n = 30,458,29.74166439350057
n = 30,459,24.819830492740362
n = 30,460,26.814698147671262
n = 30,461,19.46204177699611
n = 30,462,26.946608402186353
n = 30,463,33.63676062950698
n = 30,464,25.463533147794365
n = 30,465,26.78178880496853
n = 30,466,19.99257690221549
n = 30,467,29.54858864754298
n = 30,468,27.255853406666557
n = 30,469,19.61118507512276
n = 30,470,24.19243858083496
n = 30,471,22.666419512984355
n = 30,472,34.30160989117286
n = 30,473,36.298155687338294
n = 30,474,19.07993422296459
n = 30,475,23.719488577106585
n = 30,476,27.65701711866568
n = 30,477,24.23219249247881
n = 30,478,24.223964218483903
n = 30,479,30.488390064616514
n = 30,480,26.683876133087466
n = 30,481,24.706318841929885
n = 30,482,25.4205861930041
n = 30,483,17.519313086668127
n = 30,484,25.33373936934992
n = 30,485,18.846809521050563
n = 30,486,25.914476544236067
n = 30,487,17.17762546921952
n = 30,488,28.336855945787327
n = 30,489,22.617379319166446
n = 30,490,28.038477833069
n = 30,491,22.46577345740356
n = 30,492,21.68591997168246
n = 30,493,18.822590232281655
n = 30,494,23.97383321348788
n = 30,495,29.01278350394538
n = 30,496,26.330947103011063
n = 30,497,17.764226974743377
n = 30,498,23.51193497564575
n = 30,499,30.481780329731418
n = 30,500,25.893233165386793
n = 100,1,25.535089026861325
n = 100,2,29.70815479669845
n = 100,3,27.025420715369084
n = 100,4,26.471038850001758
n = 100,5,24.40035893731683
n = 100,6,27.811522821327824
n = 100,7,25.782563774078163
n = 100,8,26.24109135531485
n = 100,9,29.355842825405958
n = 100,10,25.74215769940704
n = 100,11,25.1363911796473
n = 100,12,25.666387341272774
n = 100,13,27.24051202243428
n = 100,14,25.322624710392763
n = 100,15,23.937624999089902
n = 100,16,26.21476433700114
n = 100,17,29.255304280498013
n = 100,18,26.90459150143587
n = 100,19,28.320013116858853
n = 100,20,24.54318066691846
n = 100,21,26.518216408428554
n = 100,22,23.106491690299755
n = 100,23,19.242343784589945
n = 100,24,27.461345012812952
n = 100,25,28.90623466763711
n = 100,26,25.493295007648932
n = 100,27,23.436412481858437
n = 100,28,29.71186019927292
n = 100,29,25.127758441369373
n = 100,30,30.565550510761035
n = 100,31,24.272545121070724
n = 100,32,23.47436215218316
n = 100,33,28.170875246912352
n = 100,34,26.544591014114957
n = 100,35,27.591149605560684
n = 100,36,27.784379318337972
n = 100,37,25.825154118877748
n = 100,38,22.733950080784876
n = 100,39,27.18549194344363
n = 100,40,23.553852966147566
n = 100,41,21.33752790648832
n = 100,42,23.577938000711782
n = 100,43,25.48389406711265
n = 100,44,24.656875368282034
n = 100,45,24.630521137875053
n = 100,46,25.462149677088135
n = 100,47,24.659655117325862
n = 100,48,28.957392723177577
n = 100,49,26.392309575040894
n = 100,50,30.18107045180272
n = 100,51,25.369300553625354
n = 100,52,26.142289438926007
n = 100,53,26.716693514674056
n = 100,54,28.01814254279479
n = 100,55,24.09403945305097
n = 100,56,27.23192949367814
n = 100,57,28.54945946036835
n = 100,58,24.61092546792743
n = 100,59,27.121061073884423
n = 100,60,27.03263026039311
n = 100,61,23.956708279581402
n = 100,62,26.93238065419842
n = 100,63,27.19899662438782
n = 100,64,27.987277034302306
n = 100,65,27.68984996881463
n = 100,66,23.368537917561124
n = 100,67,25.11119889870174
n = 100,68,26.88964643740127
n = 100,69,29.29209516010104
n = 100,70,26.77224628170174
n = 100,71,25.41626570574029
n = 100,72,25.34556217278561
n = 100,73,23.77852971366071
n = 100,74,24.586600481570763
n = 100,75,20.824584248686694
n = 100,76,23.857836059295778
n = 100,77,25.51969809713451
n = 100,78,27.816838497630123
n = 100,79,27.911840302906644
n = 100,80,26.442053402762397
n = 100,81,23.662601204564353
n = 100,82,23.55109431180922
n = 100,83,27.574094090873146
n = 100,84,24.419402446896832
n = 100,85,24.76361344788656
n = 100,86,31.139040422449224
n = 100,87,28.934274827268137
n = 100,88,25.489891204608494
n = 100,89,29.039345481473983
n = 100,90,24.524049487111437
n = 100,91,22.06446888847547
n = 100,92,22.335662811385987
n = 100,93,26.04749717445472
n = 100,94,22.04890277000486
n = 100,95,31.57135811295254
n = 100,96,26.453474155498327
n = 100,97,22.545571674127697
n = 100,98,27.928495009205335
n = 100,99,25.64417016664435
n = 100,100,27.46299338745361
n = 100,101,25.59242521676996
n = 100,102,25.12625203808377
n = 100,103,22.157709079063935
n = 100,104,22.281217338606286
n = 100,105,26.623437065639557
n = 100,106,23.579697624080083
n = 100,107,25.335226613843957
n = 100,108,27.22144434471025
n = 100,109,27.821154785483394
n = 100,110,28.080585572381718
n = 100,111,27.24075831691458
n = 100,112,24.32048437310076
n = 100,113,22.778678123666555
n = 100,114,32.07852979016805
n = 100,115,26.768854569351966
n = 100,116,23.400252881612907
n = 100,117,22.69320250811734
n = 100,118,30.80030651660511
n = 100,119,25.257143717473625
n = 100,120,27.428077191414705
n = 100,121,27.636397545679028
n = 100,122,22.926647377620565
n = 100,123,26.41032376928895
n = 100,124,25.116543846139386
n = 100,125,23.27987621217022
n = 100,126,29.03418473699764
n = 100,127,29.317413283286058
n = 100,128,27.35624270794482
n = 100,129,25.94303004351164
n = 100,130,24.058908745994017
n = 100,131,27.95463586635012
n = 100,132,24.628259532986707
n = 100,133,24.625530123422337
n = 100,134,25.336855975171414
n = 100,135,22.873778380364136
n = 100,136,27.168712574244992
n = 100,137,23.647934978705898
n = 100,138,25.42977412555163
n = 100,139,27.584483361920075
n = 100,140,29.12516804592232
n = 100,141,28.280138541094875
n = 100,142,24.366545183521556
n = 100,143,25.016775793530133
n = 100,144,25.174173987764423
n = 100,145,27.532884976353493
n = 100,146,26.534004610605447
n = 100,147,26.45475084499147
n = 100,148,27.23913969409608
n = 100,149,24.14646467175344
n = 100,150,28.262436159952195
n = 100,151,27.613003471409098
n = 100,152,27.13583612669724
n = 100,153,29.79350695996158
n = 100,154,30.76244629750394
n = 100,155,28.156225244058163
n = 100,156,24.620552618594473
n = 100,157,26.026241597266008
n = 100,158,26.358973521067128
n = 100,159,25.323161032625666
n = 100,160,26.351617218503865
n = 100,161,28.815999037951624
n = 100,162,25.1372933326851
n = 100,163,29.642108505883975
n = 100,164,30.041679481341514
n = 100,165,28.989178639136668
n = 100,166,28.12734515544491
n = 100,167,29.042856623940303
n = 100,168,23.25372267082206
n = 100,169,26.151873694619294
n = 100,170,22.63238956688201
n = 100,171,25.606710433988564
n = 100,172,28.25651006814775
n = 100,173,25.053749450841828
n = 100,174,21.467866739334237
n = 100,175,22.816815388436645
n = 100,176,28.187505888634174
n = 100,177,23.486880699080164
n = 100,178,26.250227160298877
n = 100,179,26.07764459244809
n = 100,180,29.598728348857072
n = 100,181,29.54996897859904
n = 100,182,29.87200868750183
n = 100,183,27.31984966340172
n = 100,184,24.082480681030535
n = 100,185,24.498772015002757
n = 100,186,26.86533804056214
n = 100,187,25.31385730363306
n = 100,188,23.667229176095148
n = 100,189,25.15804413649806
n = 100,190,27.579847157786727
n = 100,191,27.1949962314682
n = 100,192,26.655215186974708
n = 100,193,26.863860950127133
n = 100,194,26.39946584712689
n = 100,195,23.623152840823376
n = 100,196,24.39628212093002
n = 100,197,24.79859635880905
n = 100,198,24.390299100911378
n = 100,199,25.906110303700633
n = 100,200,33.02111029851485
n = 100,201,24.193735576163107
n = 100,202,26.981581658692345
n = 100,203,29.198896268169086
n = 100,204,26.491801692865415
n = 100,205,28.39797101447318
n = 100,206,25.448902696237745
n = 100,207,25.838379988042558
n = 100,208,29.134387402360723
n = 100,209,25.10154748570132
n = 100,210,27.503630262320872
n = 100,211,26.669135142631912
n = 100,212,21.03022083550702
n = 100,213,25.70036483217386
n = 100,214,21.919629160477488
n = 100,215,28.605969186834198
n = 100,216,25.213780417882276
n = 100,217,23.46702905858517
n = 100,218,24.37151258429271
n = 100,219,29.042819544557698
n = 100,220,21.60395696675984
n = 100,221,25.271542243296363
n = 100,222,26.39106926523038
n = 100,223,26.242520557061923
n = 100,224,23.75526030933672
n = 100,225,27.30294825256934
n = 100,226,29.14478979344371
n = 100,227,26.463655361640782
n = 100,228,22.45451515530155
n = 100,229,31.035028676845716
n = 100,230,29.661513158132493
n = 100,231,27.706447139013026
n = 100,232,27.047801013002445
n = 100,233,30.851373059262627
n = 100,234,26.858023246748733
n = 100,235,26.7105160441017
n = 100,236,31.16033589368137
n = 100,237,27.238584966784096
n = 100,238,25.273763072437472
n = 100,239,30.07921807063414
n = 100,240,26.244076900607656
n = 100,241,24.921641006341883
n = 100,242,22.96451059983118
n = 100,243,25.04104495317883
n = 100,244,21.83314099195052
n = 100,245,26.29597147973648
n = 100,246,25.3066293332709
n = 100,247,27.294824852446734
n = 100,248,24.167240222990994
n = 100,249,25.66836010420991
n = 100,250,27.65520526479483
n = 100,251,27.610702632354563
n = 100,252,24.23109166021151
n = 100,253,25.33778659293354
n = 100,254,26.14955224708974
n = 100,255,28.710453200538307
n = 100,256,24.99296674431852
n = 100,257,25.15930724440379
n = 100,258,26.515022656738278
n = 100,259,30.037710742689924
n = 100,260,21.24135095580526
n = 100,261,23.64844730362193
n = 100,262,26.19166205672105
n = 100,263,30.10346969528853
n = 100,264,26.056550661829874
n = 100,265,25.764954295128486
n = 100,266,29.57525926238348
n = 100,267,26.277834836502823
n = 100,268,26.946874912787273
n = 100,269,23.354628106321094
n = 100,270,28.02385059651284
n = 100,271,30.814612534437437
n = 100,272,26.670059501358107
n = 100,273,26.783704952395084
n = 100,274,25.896201524019066
n = 100,275,28.31427953935448
n = 100,276,23.97821011646684
n = 100,277,25.371631183736135
n = 100,278,22.28282438674213
n = 100,279,26.5290867094439
n = 100,280,26.38793355147814
n = 100,281,25.734101219632816
n = 100,282,27.073283087415895
n = 100,283,29.386167389306337
n = 100,284,27.121651056017782
n = 100,285,27.099146203989303
n = 100,286,23.025405652119428
n = 100,287,26.24633197417596
n = 100,288,24.836802351154265
n = 100,289,30.033733891725973
n = 100,290,26.859098347957907
n = 100,291,20.011653216830315
n = 100,292,24.060851201116787
n = 100,293,23.65078317619229
n = 100,294,30.15959702864705
n = 100,295,26.022302994864074
n = 100,296,24.25061132021159
n = 100,297,24.767080057258376
n = 100,298,27.917328308457076
n = 100,299,27.392666315224826
n = 100,300,25.730159866947165
n = 100,301,23.347743239431484
n = 100,302,28.3483354100981
n = 100,303,25.03211168528017
n = 100,304,30.313912254180458
n = 100,305,24.522004916228028
n = 100,306,27.00045695240292
n = 100,307,26.44146384531043
n = 100,308,28.506290821185367
n = 100,309,26.365753109803048
n = 100,310,29.011229367796172
n = 100,311,27.669209746291465
n = 100,312,26.813411465915774
n = 100,313,20.499129592843307
n = 100,314,26.237429450550344
n = 100,315,26.37880366610587
n = 100,316,23.035994707001706
n = 100,317,28.907034538930905
n = 100,318,23.852717306330998
n = 100,319,29.821392638318837
n = 100,320,28.780226782650267
n = 100,321,21.91137624331336
n = 100,322,26.58180770902973
n = 100,323,28.253910864677987
n = 100,324,29.023821399048952
n = 100,325,24.873122636774408
n = 100,326,24.19375735584788
n = 100,327,22.956445995209695
n = 100,328,26.499165240197474
n = 100,329,26.252366576944024
n = 100,330,26.182024771163903
n = 100,331,25.442890149193335
n = 100,332,24.960748459134177
n = 100,333,25.579555631928407
n = 100,334,28.170541094352888
n = 100,335,24.283570374899224
n = 100,336,23.211804071044856
n = 100,337,29.1161020544883
n = 100,338,24.53905931230518
n = 100,339,24.817865255697235
n = 100,340,28.509290353572702
n = 100,341,23.039050575567114
n = 100,342,29.343171562548193
n = 100,343,23.568937134914915
n = 100,344,24.05658084065005
n = 100,345,23.566472714616935
n = 100,346,30.545347652789214
n = 100,347,27.851600979766058
n = 100,348,27.100344230748163
n = 100,349,26.392946597853904
n = 100,350,29.544013112776515
n = 100,351,18.27947705130819
n = 100,352,27.210592952218036
n = 100,353,20.890349255735018
n = 100,354,23.126759659496923
n = 100,355,23.035973928723315
n = 100,356,23.27196350588069
n = 100,357,28.761022626043914
n = 100,358,25.310181283352122
n = 100,359,21.241862329015742
n = 100,360,27.140253604446993
n = 100,361,30.05079278906247
n = 100,362,26.573703594062618
n = 100,363,25.496286030243795
n = 100,364,27.076036668860322
n = 100,365,29.6696579873574
n = 100,366,24.709753423859272
n = 100,367,27.626790899570665
n = 100,368,25.362255998518375
n = 100,369,27.15397448355585
n = 100,370,23.265746134798643
n = 100,371,28.833457681539137
n = 100,372,25.852368801632874
n = 100,373,21.73294767622655
n = 100,374,24.326798543684678
n = 100,375,26.0249753155746
n = 100,376,28.219739621383564
n = 100,377,22.089103039215907
n = 100,378,22.81048367463767
n = 100,379,25.45804831029055
n = 100,380,23.77716714940813
n = 100,381,28.281078519368318
n = 100,382,26.749309019589973
n = 100,383,27.665478813107203
n = 100,384,28.32108295100564
n = 100,385,30.071536770940284
n = 100,386,24.55872700341795
n = 100,387,23.86305446734428
n = 100,388,24.94115927009623
n = 100,389,21.93186096627138
n = 100,390,27.717454156347358
n = 100,391,26.39001540179599
n = 100,392,20.739016718122315
n = 100,393,24.672896738041338
n = 100,394,24.7983033396204
n = 100,395,23.575389015578246
n = 100,396,25.526869525741603
n = 100,397,25.47016785250553
n = 100,398,30.012670368905283
n = 100,399,23.2652776233449
n = 100,400,27.98844216408512
n = 100,401,28.307268828960726
n = 100,402,23.86172745146623
n = 100,403,21.557171742612397
n = 100,404,26.67685702905039
n = 100,405,25.430457590681556
n = 100,406,23.95542605183558
n = 100,407,27.38658698960755
n = 100,408,24.445969000176056
n = 100,409,28.0560494201194
n = 100,410,26.380846778608213
n = 100,411,26.231989628621044
n = 100,412,27.037156156215666
n = 100,413,27.040994166382895
n = 100,414,28.085058836392122
n = 100,415,24.739457028962054
n = 100,416,23.309982345397952
n = 100,417,23.651607672915855
n = 100,418,23.570023162444983
n = 100,419,24.659068963591675
n = 100,420,26.392803895513484
n = 100,421,24.83720292410521
n = 100,422,27.508640571403895
n = 100,423,25.24059660537319
n = 100,424,27.63661638203724
n = 100,425,22.733020349090065
n = 100,426,27.208755850037427
n = 100,427,25.521925891435043
n = 100,428,22.94920814129034
n = 100,429,25.82037434275801
n = 100,430,23.7944850744664
n = 100,431,21.790725826477164
n = 100,432,26.609987746329114
n = 100,433,25.826639563265466
n = 100,434,24.859555187425634
n = 100,435,30.036143487408125
n = 100,436,23.29376526542104
n = 100,437,27.84666410318202
n = 100,438,25.662608495311417
n = 100,439,28.589374030867997
n = 100,440,20.30140499531262
n = 100,441,24.44513999481222
n = 100,442,26.35548514423036
n = 100,443,27.44448653169182
n = 100,444,26.766358619395643
n = 100,445,33.29192215740339
n = 100,446,26.757779948014743
n = 100,447,30.61788807671388
n = 100,448,29.43653393828357
n = 100,449,27.626297808754533
n = 100,450,24.133577659796053
n = 100,451,23.024957883082863
n = 100,452,27.84980875819155
n = 100,453,29.619843815296914
n = 100,454,22.769757499882648
n = 100,455,21.56100941919953
n = 100,456,19.815805268562958
n = 100,457,29.08569933644405
n = 100,458,29.15955741414723
n = 100,459,27.68181971405236
n = 100,460,26.859229081643996
n = 100,461,26.72339419805223
n = 100,462,27.645946831067477
n = 100,463,23.574713825452793
n = 100,464,26.668734190771758
n = 100,465,26.61105059249764
n = 100,466,26.112579760037132
n = 100,467,29.471150846857363
n = 100,468,24.5471239362806
n = 100,469,28.08068171142349
n = 100,470,25.874390848347375
n = 100,471,25.282178465107076
n = 100,472,22.24178116658885
n = 100,473,26.685739812166478
n = 100,474,21.17644907539227
n = 100,475,25.520992224117425
n = 100,476,29.144831174132626
n = 100,477,21.143431816047023
n = 100,478,24.783055332228187
n = 100,479,25.577035557323896
n = 100,480,30.93506138547884
n = 100,481,26.01490859878962
n = 100,482,28.657062046517648
n = 100,483,31.30386973055853
n = 100,484,21.541599412990283
n = 100,485,25.95726506185954
n = 100,486,24.08585179704673
n = 100,487,25.657757002508713
n = 100,488,26.81951063098798
n = 100,489,24.83572101152984
n = 100,490,24.373299603178086
n = 100,491,24.525928951408282
n = 100,492,27.418119868808674
n = 100,493,26.913691794295907
n = 100,494,28.849036591109368
n = 100,495,28.31367563891873
n = 100,496,24.848659650933893
n = 100,497,27.75416760622739
n = 100,498,24.23871323323067
n = 100,499,22.581942531961133
n = 100,500,24.469197838919527
